[{
  "_id": {
    "$oid": "684e7adf569f262894836be0"
  },
  "nombre": "Agaveros Premium",
  "telefono": "555-100-0001",
  "correo": "contacto@agaverospremium.mx",
  "producto_suministrado": "Tequila Don Erizo",
  "activo": true
},
{
  "_id": {
    "$oid": "684e7aef569f262894836be2"
  },
  "nombre": "Destilería Aurora",
  "telefono": "555-100-0002",
  "correo": "ventas@aurorawhiskey.com",
  "producto_suministrado": "Whisky Noche Estelar",
  "activo": true
},
{
  "_id": {
    "$oid": "684e7af9569f262894836be4"
  },
  "nombre": "Roneros del Caribe",
  "telefono": "555-100-0003",
  "correo": "contacto@roncaribeno.com",
  "producto_suministrado": "Ron Caribeño",
  "activo": true
},
{
  "_id": {
    "$oid": "684e7b02569f262894836be6"
  },
  "nombre": "Bodegas El Roble",
  "telefono": "555-100-0004",
  "correo": "info@bodegaselroble.com",
  "producto_suministrado": "Vino Tinto Reserva",
  "activo": true
},
{
  "_id": {
    "$oid": "684e7b0e569f262894836be8"
  },
  "nombre": "Cervecería Brava",
  "telefono": "555-100-0005",
  "correo": "brava@cerveza.com",
  "producto_suministrado": "Cerveza Artesanal Brava",
  "activo": true
},
{
  "_id": {
    "$oid": "684e7b18569f262894836bea"
  },
  "nombre": "Importadora Polar",
  "telefono": "555-100-0006",
  "correo": "contacto@polarimport.com",
  "producto_suministrado": "Vodka Siberiano",
  "activo": true
},
{
  "_id": {
    "$oid": "684e7b23569f262894836bec"
  },
  "nombre": "Botánicos & Co.",
  "telefono": "555-100-0007",
  "correo": "ventas@botanicosco.mx",
  "producto_suministrado": "Gin Floral",
  "activo": true
},
{
  "_id": {
    "$oid": "684e7b2b569f262894836bee"
  },
  "nombre": "Oaxaqueña de Mezcales",
  "telefono": "555-100-0008",
  "correo": "contacto@mezcaloaxaqueño.com",
  "producto_suministrado": "Mezcal del Monte",
  "activo": true
},
{
  "_id": {
    "$oid": "684e7b34569f262894836bf0"
  },
  "nombre": "Maison Étoile",
  "telefono": "555-100-0009",
  "correo": "info@etoilefrance.fr",
  "producto_suministrado": "Champaña Étoile",
  "activo": true
},
{
  "_id": {
    "$oid": "684e7b3d569f262894836bf2"
  },
  "nombre": "Vermutería Clásica",
  "telefono": "555-100-0010",
  "correo": "ventas@vermutclásico.com",
  "producto_suministrado": "Vermouth Rojo Dulce",
  "activo": true
},
{
  "_id": {
    "$oid": "685070b8569f262894836c2d"
  },
  "nombre": "Karl Strom",
  "telefono": "250-112-0805",
  "correo": "contacto@karlstrom.mx",
  "producto_suministrado": "Strong berry",
  "activo": true
}]