[{
  "_id": {
    "$oid": "684e7772569f262894836bb5"
  },
  "nombre_producto": "Cerveza Corona",
  "categoria": "Cerveza",
  "precio": 25.5,
  "existencia": 150
},
{
  "_id": {
    "$oid": "684e778b569f262894836bb7"
  },
  "id_producto": 102,
  "nombre_producto": "Tequila Don Julio",
  "categoria": "Tequila",
  "precio": 350,
  "existencia": 60
},
{
  "_id": {
    "$oid": "684e7797569f262894836bb9"
  },
  "id_producto": 103,
  "nombre_producto": "Whisky Johnnie Walker",
  "categoria": "Whisky",
  "precio": 450.75,
  "existencia": 40
},
{
  "_id": {
    "$oid": "684e77a3569f262894836bbb"
  },
  "id_producto": 105,
  "nombre_producto": "Ron Bacardí",
  "categoria": "Ron",
  "precio": 220,
  "existencia": 90
},
{
  "_id": {
    "$oid": "684e77b9569f262894836bbd"
  },
  "id_producto": 104,
  "nombre_producto": "Vodka Absolut",
  "categoria": "Vodka",
  "precio": 300.5,
  "existencia": 80
},
{
  "_id": {
    "$oid": "684e77c4569f262894836bbf"
  },
  "id_producto": 106,
  "nombre_producto": "Sidra Manzana",
  "categoria": "Sidra",
  "precio": 40,
  "existencia": 120
},
{
  "_id": {
    "$oid": "684e77cd569f262894836bc1"
  },
  "id_producto": 107,
  "nombre_producto": "Cerveza Heineken",
  "categoria": "Cerveza",
  "precio": 27,
  "existencia": 130
},
{
  "_id": {
    "$oid": "684e77db569f262894836bc3"
  },
  "id_producto": 108,
  "nombre_producto": "Mezcal Vida",
  "categoria": "Mezcal",
  "precio": 280,
  "existencia": 50
},
{
  "_id": {
    "$oid": "684e77e8569f262894836bc5"
  },
  "id_producto": 109,
  "nombre_producto": "Vino Tinto Casa Madero",
  "categoria": "Vino",
  "precio": 400,
  "existencia": 30
},
{
  "_id": {
    "$oid": "684e7811569f262894836bc7"
  },
  "id_producto": 110,
  "nombre_producto": "Cerveza Modelo",
  "categoria": "Cerveza",
  "precio": 26,
  "existencia": 140
},
{
  "_id": {
    "$oid": "6850700b569f262894836c2a"
  },
  "nombre_producto": "Strong berry",
  "categoria": "Cerveza",
  "precio": 35.5,
  "existencia": 200
}]