[{
  "_id": {
    "$oid": "684e766f569f262894836ba0"
  },
  "nombre": "Carlos Mendoza",
  "puesto": "Cajero",
  "telefono": "5512345678",
  "email": "carlos.mendoza@erizosdrinks.com"
},
{
  "_id": {
    "$oid": "684e7686569f262894836ba2"
  },
  "nombre": "Ana López",
  "puesto": "Vendedor",
  "telefono": "5598765432",
  "email": "ana.lopez@erizosdrinks.com"
},
{
  "_id": {
    "$oid": "684e7694569f262894836ba4"
  },
  "nombre": "Luis Herrera",
  "puesto": "Gerente",
  "telefono": "5581234567",
  "email": "luis.herrera@erizosdrinks.com"
},
{
  "_id": {
    "$oid": "684e76a2569f262894836ba6"
  },
  "nombre": "María García",
  "puesto": "Inventario",
  "telefono": "5576543210",
  "email": "maria.garcia@erizosdrinks.com"
},
{
  "_id": {
    "$oid": "684e76b8569f262894836ba8"
  },
  "nombre": "Jorge Ramírez",
  "puesto": "Repartidor",
  "telefono": "5511223344",
  "email": "jorge.ramirez@erizosdrinks.com"
},
{
  "_id": {
    "$oid": "684e76c8569f262894836baa"
  },
  "nombre": "Sofía Martínez",
  "puesto": "Atención al Cliente",
  "telefono": "5599887766",
  "email": "sofia.martinez@erizosdrinks.com"
},
{
  "_id": {
    "$oid": "684e76d8569f262894836bac"
  },
  "nombre": "Ricardo Torres",
  "puesto": "Vendedor",
  "telefono": "5512341122",
  "email": "ricardo.torres@erizosdrinks.com"
},
{
  "_id": {
    "$oid": "684e76e9569f262894836bae"
  },
  "nombre": "Paola Sánchez",
  "puesto": "Cajero",
  "telefono": "5533445566",
  "email": "paola.sanchez@erizosdrinks.com"
},
{
  "_id": {
    "$oid": "684e7705569f262894836bb0"
  },
  "nombre": "Fernando Ruiz",
  "puesto": "Inventario",
  "telefono": "5522113344",
  "email": "fernando.ruiz@erizosdrinks.com"
},
{
  "_id": {
    "$oid": "684e7712569f262894836bb2"
  },
  "nombre": "Mónica Pérez",
  "puesto": "Gerente",
  "telefono": "5566778899",
  "email": "monica.perez@erizosdrinks.com"
},
{
  "_id": {
    "$oid": "68506f70569f262894836c25"
  },
  "nombre": "Juan Perez",
  "puesto": "Cajero",
  "telefono": "5512336453",
  "email": "juan.perez@erizosdrinks.com"
}]