[{
  "_id": {
    "$oid": "684e787d569f262894836bca"
  },
  "id_venta": 1001,
  "id_empleado": 1,
  "fecha_de_venta": "2025-06-14",
  "hora_de_venta": "15:30",
  "id_producto": 101,
  "precio": 25.5,
  "cantidad": 3
},
{
  "_id": {
    "$oid": "684e7889569f262894836bcc"
  },
  "id_venta": 1002,
  "id_empleado": 2,
  "fecha_de_venta": "2025-06-14",
  "hora_de_venta": "16:00",
  "id_producto": 102,
  "precio": 350,
  "cantidad": 1
},
{
  "_id": {
    "$oid": "684e7896569f262894836bce"
  },
  "id_venta": 1003,
  "id_empleado": 3,
  "fecha_de_venta": "2025-06-13",
  "hora_de_venta": "11:45",
  "id_producto": 103,
  "precio": 450.75,
  "cantidad": 2
},
{
  "_id": {
    "$oid": "684e78a2569f262894836bd0"
  },
  "id_venta": 1004,
  "id_empleado": 4,
  "fecha_de_venta": "2025-06-12",
  "hora_de_venta": "14:15",
  "id_producto": 104,
  "precio": 300.5,
  "cantidad": 1
},
{
  "_id": {
    "$oid": "684e78b5569f262894836bd2"
  },
  "id_venta": 1005,
  "id_empleado": 5,
  "fecha_de_venta": "2025-06-12",
  "hora_de_venta": "17:00",
  "id_producto": 105,
  "precio": 220,
  "cantidad": 5
},
{
  "_id": {
    "$oid": "684e78c9569f262894836bd4"
  },
  "id_venta": 1006,
  "id_empleado": 6,
  "fecha_de_venta": "2025-06-11",
  "hora_de_venta": "13:30",
  "id_producto": 106,
  "precio": 40,
  "cantidad": 6
},
{
  "_id": {
    "$oid": "684e78d3569f262894836bd6"
  },
  "id_venta": 1007,
  "id_empleado": 7,
  "fecha_de_venta": "2025-06-10",
  "hora_de_venta": "19:20",
  "id_producto": 107,
  "precio": 27,
  "cantidad": 4
},
{
  "_id": {
    "$oid": "684e78df569f262894836bd8"
  },
  "id_venta": 1008,
  "id_empleado": 8,
  "fecha_de_venta": "2025-06-10",
  "hora_de_venta": "18:05",
  "id_producto": 108,
  "precio": 280,
  "cantidad": 2
},
{
  "_id": {
    "$oid": "684e78ea569f262894836bda"
  },
  "id_venta": 1009,
  "id_empleado": 9,
  "fecha_de_venta": "2025-06-09",
  "hora_de_venta": "12:10",
  "id_producto": 109,
  "precio": 400,
  "cantidad": 1
},
{
  "_id": {
    "$oid": "684e78fc569f262894836bdc"
  },
  "id_venta": 1010,
  "id_empleado": 10,
  "fecha_de_venta": "2025-06-08",
  "hora_de_venta": "15:00",
  "id_producto": 110,
  "precio": 26,
  "cantidad": 7
},
{
  "_id": {
    "$oid": "6850715a569f262894836c32"
  },
  "id_venta": 1201,
  "id_empleado": 3,
  "fecha_de_venta": "2025-06-14",
  "hora_de_venta": "15:30",
  "id_producto": 101,
  "precio": 25.5,
  "cantidad": 3
}]